id_product,product_name,product_link,regular_price,promo_price,brand
"374530,""Пиво Pilsner Urquell светлое, 0.5л"",https://online.metro-cc.ru/products/svetloe-pilsner-urquell-zheleznaya-banka-05-l,189,159,PILSNER URQUELL"
"548225,""Пиво Bakalar безалкогольное, 0.33л"",https://online.metro-cc.ru/products/bakalar-bezalkogolnoe-st-b-033-l,139,123.90,BAKALAR"
"203959,""Пиво Otto Von Schrodder Hefeweizen, 5л"",https://online.metro-cc.ru/products/5l-pivo-otto-von-schrodder-hefeweizen-zhb,2499,1889,OTTO VON SCHRDDER"
"562567,""Пиво Praga темное, 0.5л"",https://online.metro-cc.ru/products/praga-dark-lager-05-l,149,,PRAGA"
"117310,""Пиво Murphys Irish Stout темное, 0.5л"",https://online.metro-cc.ru/products/murphys-irish-stout-zh-b-05-l,349,249,MURPHYS IRISH STOUT"
"639715,""Пиво Velkopopovicky Kozel светлое, 0.5л"",https://online.metro-cc.ru/products/kozel-premium-zheleznaya-banka-05-l,189,,VELKOPOPOVICKY KOZEL"
"501080,""Пиво Velkopopovicky Kozel темное, 0.5л"",https://online.metro-cc.ru/products/temnoe-velkopopovicky-kozel-lager-zheleznaya-banka-05-l,189,,VELKOPOPOVICKY KOZEL"
"420369,""Пиво Paulaner Weissbier светлое, 0.5л"",https://online.metro-cc.ru/products/svetloe-paulaner-hefe-weisbier-zheleznaya-banka-05-l,219,,PAULANER"
"114471,""Пиво Stella Artois светлое безалкогольное, 0.44л"",https://online.metro-cc.ru/products/044-l-pivo-stella-artua-b-a,79.90,64.90,STELLA ARTOIS"
"203968,""Пиво Wolpertinger лагер, 5л"",https://online.metro-cc.ru/products/5l-pivo-wolpertinger-lager-zhb,2499,1889,WOLPERTINGER"
"579139,""Пиво Schofferhofer Hefeweizen светлое, 0.5л"",https://online.metro-cc.ru/products/schofferhofer-05-l-579139,207,,SCHOFFERHOFER"
"665420,""Пиво Stella Artois светлое безалкогольное, 0.45л"",https://online.metro-cc.ru/products/stella-artois-bezalkogolnoe-zh-b-045-l,79.90,64.90,STELLA ARTOIS"
"134765,""Пиво Otto Von Schrodder безалкогольное, 0.5л"",https://online.metro-cc.ru/products/05l-pivo-otto-fon-shryodder-ba-zhb,129,100,OTTO VON SCHRDDER"
"421938,""Пиво Clausthaler Original безалкогольное, 0.5л"",https://online.metro-cc.ru/products/clausthaler-bezalkogolnoe-v-zhestyanoj-banke-05-l-421938,169,124.90,CLAUSTHALER"
"657612,""Пиво Velkopopovicky Kozel темное, 0.45л"",https://online.metro-cc.ru/products/art-657612,69.90,67.90,VELKOPOPOVICKY KOZEL"
"657890,""Пиво Velkopopovicky Kozel светлое, 0.45л"",https://online.metro-cc.ru/products/velkopopovicky-kozel-svetly-zh-b-045-l-657890,69.90,67.90,VELKOPOPOVICKY KOZEL"
"502813,""Пиво Bakalar Dry Hopped Lager светлое, 0.5л"",https://online.metro-cc.ru/products/svetloe-bakalar-holodnogo-ohmeleniya-05-l,189,,BAKALAR"
"134191,""Пиво Franziskaner Премиум, 0.45л"",https://online.metro-cc.ru/products/pivo-franziskaner-premium-045l-134191,99.90,,FRANZISKANER"
"437508,""Пиво Maisels Weisse Original светлое, 0.5л"",https://online.metro-cc.ru/products/maisels-weisse-original-v-steklyannoj-butylke-05-l,199,,MAISELS"
"635178,""Пиво Bud безалкогольное, 0.45л"",https://online.metro-cc.ru/products/bud-bezalkogolnoe-05-zh-b-045-l-635178,64.90,49.90,BUD"
"116354,""Пиво Palm темное, 0.5л"",https://online.metro-cc.ru/products/05-l-pivo-palm-temn-zh-b,174,,PALM"
"127942,""Пиво Grotwerg светлое безалкогольное, 0.5л"",https://online.metro-cc.ru/products/grotwerg-svetloe-05-l,119,99.90,GROTWERG"
"238497,""Пиво Bakalar светлое безалкогольное, 0.5л"",https://online.metro-cc.ru/products/pivo-bakalar-svetloe-bezalkogolnoe-05l,149,,BAKALAR"
134164,Пиво Spaten 0.45л,https://online.metro-cc.ru/products/pivo-spaten-045l-134164,119,,SPATEN
"634304,""Пивной напиток Hoegaarden Blanche, 0.45л"",https://online.metro-cc.ru/products/napitok-hoegaarden-zh-b-045-l,89.90,,HOEGAARDEN"
"74875,""Пиво Asahi Super Dry, 0.33л"",https://online.metro-cc.ru/products/art-74875,199,,ASAHI"
"648013,""Пиво Pilsner Urquell светлое, 0.33л"",https://online.metro-cc.ru/products/pilsner-urwuell-v-stekle-033-l,199,,PILSNER URQUELL"
"239392,""Пиво Steinbrau Edel Weiss, 0.5л"",https://online.metro-cc.ru/products/05l-pivo-steinbrau-edel-vayss-zhb-239392,189,,STEINBRAU"
"648015,""Пиво Grolsch Premium Pilsner светлое, 0.5л"",https://online.metro-cc.ru/products/grolsch-premium-lager-zheleznaya-banka-05-l,179,169,GROLSCH"
"98346,""Пиво Edelherb Kulmbacher Pils, 5л"",https://online.metro-cc.ru/products/kulmbacher-pils-bochka-5-l,1990,,EDELHERB"
"659936,""Пиво Birra Moretti светлое, 0.5л"",https://online.metro-cc.ru/products/birra-moretti-zh-b-05-l,219,199,BIRRA MORETTI"
"282407,""Пиво Prazacka светлое, 5л"",https://online.metro-cc.ru/products/prazacka-lager-keg-5l,2390,1899,PRAZACKA"
"113816,""Пиво Афанасий Марочное избранное светлое, 0.5л"",https://online.metro-cc.ru/products/05-l-pivo-afanasij-marochnoe-izbr-sv,139,,АФАНАСИЙ"
110861,Пиво Staroceske 0.5л,https://online.metro-cc.ru/products/pivo-staroceske-zh-b-05-l,147,124,STAROCESKE
"136209,""Пиво Wolpertinger безалкогольное, 0.5л"",https://online.metro-cc.ru/products/pivo-wolpertinger-bezalkogolnoe-05l,135,98.90,WOLPERTINGER"
"123199,""Пиво Krusovice светлое, 0.43л"",https://online.metro-cc.ru/products/043-l-krushovice-sv-zh-b,73.90,70.90,KRUSOVICE"
"518426,""Пиво Radeberger Pilsner светлое, 0.5л"",https://online.metro-cc.ru/products/radeberger-05-l,189,,RADEBERGER"
134157,Пиво Spaten 0.45л,https://online.metro-cc.ru/products/pivo-spaten-045l-134157,119,,SPATEN
"134866,""Напиток пивной Kriek Boon светлый фильтрованный, 0.25л"",https://online.metro-cc.ru/products/napitok-svetlyj-filtrovannyj-boon-kriek-025-l,189,,KRIEK BOON"
"215223,""Пиво Konix Brewery Лось Просто лось безалкогольное, 0.45л"",https://online.metro-cc.ru/products/045l-pivo-konix-brewery-los-prosto-los-ba-zhb-215223,139,,KONIX BREWERY"
"123743,""Пивной напиток Chester's Вишня, 0.45л"",https://online.metro-cc.ru/products/045-l-nap-chesters-vishnya-st,109,,CHESTER'S"
"564302,""Пиво Stiegl Goldbrau светлое, 0.5л"",https://online.metro-cc.ru/products/stiegl-goldbrau-05-l,159,134.90,STIEGL"
"632717,""Пиво Zatecky Gus светлое, 1.35л"",https://online.metro-cc.ru/products/zatecky-gus-svetloe-pet-135l,139,130,ZATECKY GUS"
"200121,""Пиво Kaiserdom Dark Lager 4.7%, 0.5л"",https://online.metro-cc.ru/products/05l-pivo-kaiserdom-dark-lager-47-zhb-200121,159,,KAISERDOM"
"98556,""Пиво Горьковская пивоварня American Amber Lager, 0.44л"",https://online.metro-cc.ru/products/pivo-gorkovskaya-pivovarnya-american-amber-lager-044-l,106,,ГОРЬКОВСКАЯ ПИВОВАРНЯ"
"583397,""Пиво Zatecky Gus светлое, 0.45л"",https://online.metro-cc.ru/products/zhateckij-gus-svetloe-zh-b-045-l,82.90,59.90,ZATECKY GUS"
"75169,""Пиво Балтика №7 Мягкое, 0.45л"",https://online.metro-cc.ru/products/myagkoe-7-v-zhestyanoj-banke-baltika-045-l,64.90,57.90,БАЛТИКА"
"128111,""Напиток пивной Hoegaarden безалкогольный пшеничный, 0.33л"",https://online.metro-cc.ru/products/napitok-hoegaarden-pshenichnyj-033-l,53.90,42.90,HOEGAARDEN"
"138781,""Пиво Prazacka Zlata светлое, 0.5л"",https://online.metro-cc.ru/products/05l-pivo-prazhechka-zlata-svetloe-zhb-138781,159,,PRAZACKA"
"581882,""Пиво Балтика №0 безалкогольное, 0.45л"",https://online.metro-cc.ru/products/baltika-0-bezalkogolnoe-zh-b-045-l,59.90,52.90,БАЛТИКА"
"134172,""Пиво Franziskaner Премиум, 0.45л"",https://online.metro-cc.ru/products/pivo-franziskaner-premium-045l-134172,119,,FRANZISKANER"
"58475,""Пиво Балтика №0 Грейпфрут безалкогольное, 0.33л"",https://online.metro-cc.ru/products/baltika-0-grejpfrut-svetloe-033-l,54.90,39.90,БАЛТИКА"
"218614,""Пиво Flensburger Pilsener светлое, 0.5л"",https://online.metro-cc.ru/products/pivo-flensburger-pilsener-svetloe-05l,284,,FLENSBURGER"
140440,Напиток пивной White Moon Staut 0.45л,https://online.metro-cc.ru/products/045l-piv-nap-vayt-mun-staut-zhb,139,,WHITE MOON STAUT
"120857,""Пиво Bud Light, 0.44л"",https://online.metro-cc.ru/products/044-l-bad-lajt-st,77.90,59.90,BUD"
"633391,""Пиво Bud светлое, 0.45л"",https://online.metro-cc.ru/products/svetloe-bud-045-l,79.90,69.90,BUD"
"140745,""Пиво Grotwerg Вайсбир, 0.5л"",https://online.metro-cc.ru/products/05l-pivo-grotverg-vaysbir-zhb-140745,139,119,GROTWERG"
"519504,""Пиво Grotwerg светлое, 5л"",https://online.metro-cc.ru/products/svetloe-grotwerg-keg-5l,2190,1990,GROTWERG"
"307280,""Пиво Liebenweiss пшеничное светлое нефильтрованное, 5л"",https://online.metro-cc.ru/products/leibenweiss-pshenichnoe-keg-5l,2190,,LIEBENWEISS"
"59515,""Пивной напиток Blanche Bruxelles светлое, 0.33л"",https://online.metro-cc.ru/products/napitok-blanche-bruxelles-v-steklyannoj-butylke-033-l,189,,BLANCHE BRUXELLES"
"206338,""Пиво Чуанлан New Fash светлое, 0.45л"",https://online.metro-cc.ru/products/045l-pivo-chuanlan-nyu-fesh-svetloe-st,189,,ЧУАНЛАН"
"632978,""Пиво Lowenbrau светлое, 0.45л"",https://online.metro-cc.ru/products/lowenbrau-zheleznaya-banka-045-l,85.90,,LOWENBRAU"
"610177,""Пивной напиток Балтика №0 пшеничный нефильтрованный безалкогольный, 0.45л"",https://online.metro-cc.ru/products/baltika-0-nefiltrovannoe-pshenichnoe-zh-b-05-l,59.90,56.90,БАЛТИКА"
"98557,""Пиво Горьковская пивоварня IPA безалкогольное, 0.33л"",https://online.metro-cc.ru/products/pivo-bezalkogolnoe-gorkovskaya-pivovarnya-ipa-zh-b-033-l,75.90,,ГОРЬКОВСКАЯ ПИВОВАРНЯ"
"420368,""Пиво Erdinger Weisbier светлое пшеничное, 0.5л"",https://online.metro-cc.ru/products/svetloe-erdinger-weisbier-pshenichnoe-zheleznaya-banka-05-l,225,179,ERDINGER"
"215204,""Пиво Wychwood Brewery Hobgoblin Gold светлое, 0.5л"",https://online.metro-cc.ru/products/05l-pivo-vichvud-bryuveri-hobgoblin-gold-sv-st,309,,WYCHWOOD BREWERY"
"208755,""Пиво Dreamteam Brew White Nights темное, 0.33л"",https://online.metro-cc.ru/products/033l-pivo-dreamteam-brew-vayt-nayt-temnoe-st,169,,DREAMTEAM BREW"
"618216,""Пиво Волковская пивоварня Светлячок, 0.45л"",https://online.metro-cc.ru/products/volkovskaya-pivovarnya-svetlyachok-045-l-618216,99.90,,ВОЛКОВСКАЯ ПИВОВАРНЯ"
"483564,""Пиво Афанасий нефильтрованное, 1л"",https://online.metro-cc.ru/products/afanasij-nefiltrovannoe-1l,149,,АФАНАСИЙ"
"137404,""Пиво Tsingtao премиум лагер, 0.33л"",https://online.metro-cc.ru/products/033l-pivo-tsingtao-premium-lager-st,149,,TSINGTAO"
"420383,""Пиво Kronenbourg 1664 светлое, 0.46л"",https://online.metro-cc.ru/products/kronenbourg-1664-svetloe-steklo-046-l,129,83.90,KRONENBOURG"
"73846,""Пиво St.Peter's Without Original темное безалкогольное, 0.5л"",https://online.metro-cc.ru/products/stpeters-without-original-bezalkogolnoe-v-steklyannoj-butylke-05-l,329,,ST.PETER'S"
"463788,""Пиво Bitburger Premium светлое, 0.5л"",https://online.metro-cc.ru/products/bitburger-premium-svetloe-48-zh-b-05-l,179,,BITBURGER"
"123744,""Пивной напиток Chester's Груша, 0.45л"",https://online.metro-cc.ru/products/045-l-nap-chesters-grusha-st,109,,CHESTER'S"
"123747,""Пивной напиток Chester's Сладкое Яблоко, 0.45л"",https://online.metro-cc.ru/products/045-l-nap-chesters-yablochnyj-slad-st,109,,CHESTER'S"
"114535,""Пивной напиток Hoegaarden Blanche, 0.44л"",https://online.metro-cc.ru/products/044-l-piv-nap-hugarden-st,89.90,,HOEGAARDEN"
"226994,""Пиво Monchshof Schwarzbier темное, 5л"",https://online.metro-cc.ru/products/5l-pivo-monchshof-schwarzbier-tem-zhb,1999,,MONCHSHOF"
"645621,""Пивной напиток Amsterdam Navigator светлое, 0.45л"",https://online.metro-cc.ru/products/napitok-amsterdam-zheleznaya-banka-045-l,95.90,84.90,AMSTERDAM"
"420382,""Пиво Cernovar светлое, 0.5л"",https://online.metro-cc.ru/products/chernovar-svetloe-zh-b-05-l,179,,CERNOVAR"
"123197,""Пиво Amstel светлое, 0.43л"",https://online.metro-cc.ru/products/043-l-amstel-sv-zh-b,69.90,59.90,AMSTEL"
"136833,""Пиво Жигули Экспорт, 0.45л"",https://online.metro-cc.ru/products/045l-pivo-zhiguli-eksport-but,72.90,,ЖИГУЛИ"
"419979,""Пиво Prazacka светлое, 0.5л"",https://online.metro-cc.ru/products/prazacka-zh-b-05-l,154,139,PRAZACKA"
"213482,""Пиво Holsten Pilsner светлое, 0.45л"",https://online.metro-cc.ru/products/045l-pivo-holsten-pilzner-svetloe-zhb,84.90,62.90,HOLSTEN"
"645622,""Пиво Старый Мельник из Бочонка Мягкое, 0.45л"",https://online.metro-cc.ru/products/staryj-melnik-iz-bochonka-myagkoe-zh-b-045-l-,77.90,59.90,СТАРЫЙ МЕЛЬНИК"
"49889,""Пиво Горьковская пивоварня American Pale Ale, 0.44л"",https://online.metro-cc.ru/products/art-49889,106,,ГОРЬКОВСКАЯ ПИВОВАРНЯ"
"114475,""Пиво Stella Artois светлое, 0.44л"",https://online.metro-cc.ru/products/044-l-pivo-stella-artua-st,115,89.90,STELLA ARTOIS"
"200119,""Пиво Kaiserdom неосветленное нефильтрованное 4.7%, 0.5л"",https://online.metro-cc.ru/products/05l-pivo-kaiserdom-neosv-nefiltrov-47-zhb-200119,159,,KAISERDOM"
"75064,""Пиво Estrella Damm Daura светлое, 0.33л"",https://online.metro-cc.ru/products/art-75064,149,,ESTRELLA"
"601139,""Пиво Maisels Weisse Alkoholfre светлое безалкогольное, 0.5л"",https://online.metro-cc.ru/products/maisel-039s-weisse-bezalkogolnoe-st-b-05-l,199,,MAISELS"
"227463,""Пиво Pabst Blue Ribbon Best Select, 0.44л"",https://online.metro-cc.ru/products/pivo-pabst-blue-ribbon-best-select-044l,76.90,,Пиво"
"60598,""Пиво Liebenweiss пшеничное нефильтрованное, 0.5л"",https://online.metro-cc.ru/products/liebenweiss-pshenichnoe-nefiltrovannoe-zheleznaya-banka-05-l,139,,LIEBENWEISS"
"46855,""Пиво Krusovice черное, 0.45л"",https://online.metro-cc.ru/products/krusovice-chernoe-steklo-045-l,73.90,70.90,KRUSOVICE"
"228088,""Пиво Wychwood Brewery Hobgoblin Gold светлое, 0.5л"",https://online.metro-cc.ru/products/05l-pivo-wychwood-brewery-hobgoblin-gold-sv-zhb,269,,WYCHWOOD BREWERY"
"201412,""Пиво Lev Czech Lion, 0.5л"",https://online.metro-cc.ru/products/05l-pivo-lev-czech-lion-st,159,,LEV CZECH"
"583396,""Пиво Балтика №9 крепкое, 0.45л"",https://online.metro-cc.ru/products/baltika-9-krepkoe-v-zheleznoj-banke-045-l,64.90,57.90,БАЛТИКА"
"31155,""Пиво Velkopopovicky Kozel темное, 0.45л"",https://online.metro-cc.ru/products/napitok-velkopopovicky-kozel-temnoe-st-b-045-l,69.90,67.90,VELKOPOPOVICKY KOZEL"
"32306,""Пиво Velkopopovicky Kozel светлое, 0.45л"",https://online.metro-cc.ru/products/napitok-velkopopovicky-kozel-svetloe-st-b-045-l,69.90,67.90,VELKOPOPOVICKY KOZEL"
"201455,""Пиво Eggenberg Freiber безалкогольное, 0.33л"",https://online.metro-cc.ru/products/033l-pivo-eggenberg-freibier-ba-st,249,173.90,EGGENBERG"
"215214,""Напиток пивной Hoegaarden Grapefruit, 0.45л"",https://online.metro-cc.ru/products/045l-piv-nap-hugarden-greypfrut-zhb,89.90,79.90,HOEGAARDEN"
"137332,""Пиво Балтика Дон южный рецепт, 0.45л"",https://online.metro-cc.ru/products/045l-pivo-don-yuzhnyy-retsept-baltika-zhb-137332,74.90,,БАЛТИКА"
"581885,""Пиво Балтика №7 Экспортное, 0.45л"",https://online.metro-cc.ru/products/baltika-7-eksportnoe-zh-b-045-l,69.90,59.90,БАЛТИКА"
"596852,""Пиво Балтика №7 Экспортное, 0.9л"",https://online.metro-cc.ru/products/baltika-7-v-zheleznoj-banke-05-l,139,119.90,БАЛТИКА"
"75060,""Пиво Жигули Export светлое, 0.45л"",https://online.metro-cc.ru/products/art-75060,68.90,,ЖИГУЛИ"
"640295,""Пиво Warsteiner Premium Beer светлое, 0.5л"",https://online.metro-cc.ru/products/warsteiner-premium-beer-zheleznaya-banka-05-l,189,169,WARSTEINER"
"638268,""Пиво Жигули Барное светлое, 0.45л"",https://online.metro-cc.ru/products/zhiguli-barnoe-moskovskaya-pivovarennaya-kompaniya-zheleznaya-banka-045-l,68.90,58.90,ЖИГУЛИ БАРНОЕ"
"215202,""Напиток пивной Hoegaarden вишня безалкогольный, 0.33л"",https://online.metro-cc.ru/products/033l-piv-nap-hugarden-vishnya-ba-zhb,53.90,42.90,Россия"
"215208,""Напиток пивной Abbe Blonde светлое, 0.45л"",https://online.metro-cc.ru/products/045l-piv-nap-abbe-blond-sv-zhb,99.90,69.90,ABBE"
"201346,""Пиво Brainstorm Apa безалкогольное, 0.33л"",https://online.metro-cc.ru/products/033l-pivo-brainstorm-apa-ba-st,117,96.90,Россия"
"133363,""Пиво Tuborg безалкогольное, 0.45л"",https://online.metro-cc.ru/products/pivo-tuborg-bezalkogolnoe-045l,67.90,54.90,TUBORG"
"128110,""Напиток пивной Hoegaarden безалкогольный грейпфрут, 0.33л"",https://online.metro-cc.ru/products/napitok-hoegaarden-grejpfrut-033-l,53.90,42.90,Россия"
"215520,""Пиво Clausthaler Original безалкогольное, 0.33л"",https://online.metro-cc.ru/products/033l-pivo-clausthaler-oridzhinal-ba-st,149,,CLAUSTHALER"
"123745,""Пивной напиток Chester's Лесные ягоды, 0.45л"",https://online.metro-cc.ru/products/045-l-nap-chesters-lesnye-yagody-st,109,,CHESTER'S"
"138060,""Пиво Apostel Weissbier безалкогольное, 0.5л"",https://online.metro-cc.ru/products/pivo-apostel-weissbier-bezalkogolnoe-05l,129,,Германия"
"645841,""Пиво Arcobrau Mooser Liesl светлое, 0.5л"",https://online.metro-cc.ru/products/arcobrau-mooser-liesl-v-steklyannoj-butylke-05-l,239,,MOOSER LIESL"
"215140,""Пиво Corona Extra светлое, 0.355л"",https://online.metro-cc.ru/products/0355l-pivo-corona-extra-st-215140,159,,CORONA EXTRA"
"142676,""Пиво Kaiserdom Pilsener светлое 4.9%, 0.5л"",https://online.metro-cc.ru/products/pivo-kaiserdom-pilsener-svetloe-4-9-0-5l,159,,KAISERDOM"
"635447,""Пиво Жигули Барное безалкогольное, 0.45л"",https://online.metro-cc.ru/products/bezalkogolnoe-zhiguli-barnoe-v-zheleznoj-banke-045-l,72.90,,ЖИГУЛИ БАРНОЕ"
"88354,""Пивной напиток Amstel Natur Raspberry малина и лайм безалкогольное, 0.43л"",https://online.metro-cc.ru/products/pivo-amstel-bezalkogolnoe-malina-sok-lajma-043-l,69.90,44.90,AMSTEL"
"84506,""Пиво Gulden Draak темное, 0.33л"",https://online.metro-cc.ru/products/temnoe-v-stekle-gulden-draak-033-l,339,,GULDEN DRAAK"
"307242,""Пиво Cernovar темное, 0.5л"",https://online.metro-cc.ru/products/cernovar-temnoe-v-zhestyanoj-banke-05-l,179,153.90,CERNOVAR"
"584290,""Пиво Zlata Praha светлое фильтрованное, 0.5л"",https://online.metro-cc.ru/products/zlata-praha-v-zheleznoj-banke-05-l,154,,ZLATA PRAHA"
"624503,""Пиво Bowler IPA светлое, 0.5л"",https://online.metro-cc.ru/products/art-624503,149,126.90,BOWLER IPA"
"208750,""Пиво Dreamteam Brew Port Pilsner безалкогольное, 0.33л"",https://online.metro-cc.ru/products/033l-pivo-dreamteam-brew-s-port-pilsner-ba-st,149,,DREAMTEAM BREW"
"140441,""Пиво New Riga's Brewery Grant Wood Apa, 0.45л"",https://online.metro-cc.ru/products/045l-pivo-grant-vud-apa-zhb,139,109,GRANT WOOD"
"593745,""Пивной напиток Kriekenbier со вкусом вишни светлый, 0.25л"",https://online.metro-cc.ru/products/napitok-kriekenbier-v-steklyannoj-butylke-025-l,189,,KRIEKENBIER"
"418982,""Пиво Krombacher Pils светлое, 0.5л"",https://online.metro-cc.ru/products/krombacher-zh-b-05-l,199,,KROMBACHER"
"137413,""Пиво Tsingtao Стаут, 0.33л"",https://online.metro-cc.ru/products/033l-pivo-tsingtao-staut-st,169,,TSINGTAO"
"599734,""Пиво Волковская пивоварня India Pale Ale, 0.45л"",https://online.metro-cc.ru/products/volkovskaya-pivovarnya-india-pale-ale-045-l,99.90,,ВОЛКОВСКАЯ ПИВОВАРНЯ"
"435728,""Пиво Grotwerg светлое, 0.5л"",https://online.metro-cc.ru/products/svetloe-grotwerg-lager-zheleznaya-banka-05-l,139,,GROTWERG"
"75168,""Пиво Балтика №7 Мягкое, 0.44л"",https://online.metro-cc.ru/products/myagkoe-7-v-stekle-baltika-044-l,64.90,54.90,БАЛТИКА"
"127896,""Пивной напиток Garage Seth&Riley's лимон, 0.4л"",https://online.metro-cc.ru/products/garage-seth-rileys-limon-04-l,84.90,74.90,GARAGE"
127892,Пивной напиток Garage Seth&Riley's вишня 0.4л,https://online.metro-cc.ru/products/garage-seth-rileys-vishnya-04-l,84.90,74.90,GARAGE
"136834,""Пиво Хамовники Венское, 0.45л"",https://online.metro-cc.ru/products/045l-pivo-hamovniki-venskoe-zhb,75.90,59.90,ХАМОВНИКИ"
"33331,""Пиво Старый Мельник из Бочонка бархатное, 0.45л"",https://online.metro-cc.ru/products/staryj-melnik-iz-bochonka-barhatnoe-st-b-045-l,77.90,59.90,СТАРЫЙ МЕЛЬНИК"
"118240,""Пиво St. Pierre Blond, 0.5л"",https://online.metro-cc.ru/products/stpierre-blond-zh-b-05-l,149,139,ST. PIERRE"
"584941,""Пиво Engel Gold фильтрованное светлое, 0.5л"",https://online.metro-cc.ru/products/engel-gold-500ml,339,,ENGEL GOLD"
"208797,""Пиво Peroni Nastro Azzurro, 0.33л"",https://online.metro-cc.ru/products/033l-pivo-peroni-st,199,169,PERONI"
"58806,""Пиво Старый Мельник из Бочонка светлое, 0.45л"",https://online.metro-cc.ru/products/staryj-melnik-iz-bochonka-svetloe-st-b-045-l,77.90,59.90,СТАРЫЙ МЕЛЬНИК"
"91743,""Пиво Marstons Oyster Stout темное, 0.5л"",https://online.metro-cc.ru/products/oyster-stout-temnoe-steklo-05-l,259,,MARSTONS OYSTER STOUT"
"74912,""Пиво Otto Von Schrodder Premium Lager светлое, 0.5л"",https://online.metro-cc.ru/products/otto-von-schrodder-premium-lager-svetloe-v-zheleznoj-banke-05-l,148,129,OTTO VON SCHRDDER"
"354573,""Пиво Prazacka светлое, 0.5л"",https://online.metro-cc.ru/products/prazecka-05-l,189,,PRAZACKA"
"88892,""Пиво Lowenbrau пшеничное безалкогольное, 0.45л"",https://online.metro-cc.ru/products/pshenichnoe-lowenbrau-bezalkogolnoe-zh-b-045-l,59.90,49.90,LOWENBRAU"
"122250,""Пиво Lowenbrau крепкое, 0.45л"",https://online.metro-cc.ru/products/045-l-lovenbrau-krepkoe-zh-b,76.90,,LOWENBRAU"
"639620,""Пиво Волковская пивоварня APA, 0.45л"",https://online.metro-cc.ru/products/volkovskaya-pivovarnya-apa-steklo-045-l,99.90,,ВОЛКОВСКАЯ ПИВОВАРНЯ"
"639629,""Пиво Волковская пивоварня Бланш де Мазай светлое нефильтрованное, 0.45л"",https://online.metro-cc.ru/products/svetloe-volkovskaya-pivovarnya-blansh-de-mazaj-pshenichnoe-nefiltrovannoe-steklo045-l,99.90,,ВОЛКОВСКАЯ ПИВОВАРНЯ"
216821,Пиво Stanley Cooper 0.5л,https://online.metro-cc.ru/products/pivo-stanley-cooper-05l,135,129,STANLEY COOPER
"135256,""Пиво De Halve Maan Dehalmaan StraffeHend Bruegel темное, 0.33л"",https://online.metro-cc.ru/products/dehalmaan-straffehend-bruegel-temnoe-033-l,369,,DE HALVE MAAN"
"137341,""Пиво Балтика Lav, 0.45л"",https://online.metro-cc.ru/products/045l-pivo-lav-baltika-zhb-137341,57.90,54.90,БАЛТИКА"
"127807,""Пивной напиток St. Pierre Blanche, 0.5л"",https://online.metro-cc.ru/products/napitok-st-pierre-blanche-05-l,149,139,ST. PIERRE"
"140452,""Пиво Puzzle IPA Sing Hop American, 0.45л"",https://online.metro-cc.ru/products/045l-pivo-sing-hop-pazzl-amerikan-ipa-zhb,149,,PUZZLE IPA"
"213480,""Пиво Eboshi светлое, 0.33л"",https://online.metro-cc.ru/products/033l-pivo-eboshi-st,145,124.90,EBOSHI"
"136210,""Пиво Wolpertinger Dunkles, 0.5л"",https://online.metro-cc.ru/products/05l-pivo-volpertinger-dunkel-zhb,169,129,WOLPERTINGER"
"215170,""Пиво Konix Brewery Munich Helles, 0.5л"",https://online.metro-cc.ru/products/05l-pivo-konix-brewery-koniks-myunih-helles-st,129,,KONIX BREWERY"
"234955,""Пиво Kronenbourg 1664, 0.45л"",https://online.metro-cc.ru/products/pivo-kronenbourg-1664-045l,94.90,83.90,KRONENBOURG"
"234969,""Пиво Балтика №3 классическое, 0.5л"",https://online.metro-cc.ru/products/pivo-baltika-3-klassicheskoe-05l,64.90,,БАЛТИКА"
"13497,""Пиво Hofbrau Schwarze Weisse темное нефильтрованное, 0.5л"",https://online.metro-cc.ru/products/hofbrau-munchner-weisse-v-steklyannoj-butylke-05-l,259,,HOFBRAU"
200771,Пиво Zatecky Gus 0.45л,https://online.metro-cc.ru/products/045l-pivo-zhatetskiy-gus-st,82.90,59.90,ZATECKY GUS
"635979,""Пиво Hollandia светлое, 0.45л"",https://online.metro-cc.ru/products/hollandia-045-l,74.90,,HOLLANDIA"
"59516,""Пивной напиток Belgian Kriek с ароматом вишни, 0.33л"",https://online.metro-cc.ru/products/art-59516,279,,BELGIAN KRIEK"
"208366,""Пиво Harbin пшеничное светлое, 0.5л"",https://online.metro-cc.ru/products/05l-pivo-harbin-pshenichnoe-svetloe-st,209,,HARBIN"
"239394,""Пиво Steinbrau Pilsener, 0.5л"",https://online.metro-cc.ru/products/05l-pivo-steinbrau-pilsener-st-239394,199,,STEINBRAU"
"583401,""Пиво Балтика №3 Классическое, 0.45л"",https://online.metro-cc.ru/products/baltika-3-klassicheskoe-zhestyanaya-banka-045-l-583401,68.90,53.90,БАЛТИКА"
"31131,""Пиво Старый Мельник из Бочонка Мягкое, 0.45л"",https://online.metro-cc.ru/products/staryj-melnik-iz-bochonka-myagkoe-svetloe-st-b-045-l,77.90,59.90,СТАРЫЙ МЕЛЬНИК"
"117816,""Пиво Flensburger Gold, 0.5л"",https://online.metro-cc.ru/products/05-l-flensburger-gold-st,284,274.90,FLENSBURGER"
"228089,""Пиво Wychwood Brewery Hobgoblin IPA светлое, 0.5л"",https://online.metro-cc.ru/products/05l-pivo-wychwood-brewery-hobgoblin-ipa-sv-zhb,269,,WYCHWOOD BREWERY"
"127890,""Пивной напиток Garage Seth&Riley's брусника, 0.4л"",https://online.metro-cc.ru/products/garage-seth-rileys-brusnika-04-l,84.90,74.90,GARAGE"
"238525,""Пиво Lapin Kulta светлое фильтрованное, 0.5л"",https://online.metro-cc.ru/products/pivo-lapin-kulta-svetloe-filtrovannoe-05l,179,154.90,LAPIN KULTA"
"114533,""Пивной напиток Hoegaarden грейпфрут, 0.44л"",https://online.metro-cc.ru/products/044-l-piv-nap-hugarden-grejp-st,89.90,,HOEGAARDEN"
"134872,""Пиво Weltenburger Kloster Hell Weiss, 0.5л"",https://online.metro-cc.ru/products/svetloe-nefiltrovannoe-weltenburger-kloster-hell-weiss-05-l,199,,WELTENBURGER KLOSTER"
"634307,""Пиво Stella Artois светлое, 0.45л"",https://online.metro-cc.ru/products/stella-artois-zheleznaya-banka-045-l-634307,115,89.90,STELLA ARTOIS"
"134874,""Пиво Schneider's Bayerisch Hell светлое фильтрованное, 0.5л"",https://online.metro-cc.ru/products/svetloe-filtrovannoe-schneiders-bayerisch-hell-05-l,199,,SCHNEIDER'S"
"98347,""Пиво Schneider Weisse TAP 7 Weisse Оригинал, 0.5л"",https://online.metro-cc.ru/products/schneider-weisse-original-steklo-05-l,199,,SCHNEIDER WEISSE"
"221211,""Напиток Essa пивной ананас-грейпфрут, 0.4л"",https://online.metro-cc.ru/products/04l-piv-nap-essa-ananasgreypfrut-st,89.90,69.90,ESSA"
75790,Пиво Клинское 0.45л,https://online.metro-cc.ru/products/klinskoe-v-stekle-045-l,67.90,54.90,КЛИНСКОЕ
"215210,""Напиток пивной Abbe Brune темное, 0.45л"",https://online.metro-cc.ru/products/045l-piv-nap-abbe-bryun-tem-zhb,99.90,69.90,ABBE"
"135267,""Пиво St.Peter's рубиновый красный эль светлое, 0.5л"",https://online.metro-cc.ru/products/streper-rubinovyj-krasnyj-svetloe-05-l,359,,ST.PETER'S"
"135265,""Пиво St.Peter's Golden Ale светлое, 0.5л"",https://online.metro-cc.ru/products/stpeters-golden-ale-svetloe-05-l,359,,ST.PETER'S"
"213610,""Пиво Stiegl Weisse, 0.5л"",https://online.metro-cc.ru/products/05l-pivo-stiegl-vays-st,259,,STIEGL"
"112156,""Пиво Жигули Барное светлое, 0.45л"",https://online.metro-cc.ru/products/pivo-zhiguli-barnoe-pshenichnoe-svetloe-45-045-l,68.90,58.90,ЖИГУЛИ БАРНОЕ"
"642679,""Пиво St.Peter's Cream Stout, 0.5л"",https://online.metro-cc.ru/products/stpeter-039s-krim-staut-st-05-l,359,,ST.PETER'S"
"238516,""Пиво Holsten Dunkel темное, 0.45л"",https://online.metro-cc.ru/products/pivo-holsten-dunkel-temnoe-045l,69.90,,HOLSTEN"
"642073,""Пиво St.Peter's Honey Porter, 0.5л"",https://online.metro-cc.ru/products/st-peter-039s-plum-porter-05-l,329,,ST.PETER'S"
"128033,""Напиток пивной Kronenbourg Blanc Rose, 0.45л"",https://online.metro-cc.ru/products/napitok-kronenbourg-blanc-rose-045-l,129,74.90,KRONENBOURG"
"109755,""Пиво Wolpertinger Pilsner, 0.5л"",https://online.metro-cc.ru/products/pivo-wolpertinger-pilsner-zh-b-05-l,139,129,WOLPERTINGER"
"619586,""Пиво Estrella Damm светлое, 0.33л"",https://online.metro-cc.ru/products/estrella-damm-v-steklyannoj-butylke-033-l,149,,ESTRELLA"
"636083,""Пивной напиток светлый Kronenbourg 1664 Blanc, 0.45л"",https://online.metro-cc.ru/products/napitok-kronenbourg-zheleznaya-banka-045-l,129,83.90,KRONENBOURG"
"97102,""Пиво The Flying Dutchman Freak Kriek Z Вишневое безалкогольное, 0.33л"",https://online.metro-cc.ru/products/flying-dutchman-freak-kriek-zero-bezalkogolnoe-st-b-033-l,319,,FLYING DUTCHMAN"
"514680,""Пиво Estrella Damm светлое, 0.5л"",https://online.metro-cc.ru/products/estrella-damm-zh-b-05-l,157,,ESTRELLA"
"127894,""Пивной напиток Garage Seth&Riley's груша, 0.4л"",https://online.metro-cc.ru/products/garage-seth-rileys-grusha-04-l,84.90,74.90,GARAGE"
"427743,""Пивной напиток светлый Kronenbourg 1664 Blanc, 0.46л"",https://online.metro-cc.ru/products/napitok-kronenbourg-1664-blanc-pshenichnoe-steklo-046-l,129,83.90,KRONENBOURG"
"117818,""Пиво Flensburger Weizen, 0.5л"",https://online.metro-cc.ru/products/05-l-flensburger-vajcen-st,284,274.90,FLENSBURGER"
"208838,""Напиток пивной Grossmeister грейпфрут, 0.5л"",https://online.metro-cc.ru/products/05l-piv-nap-grossmeister-greypfrut-zhb,169,129,GROSSMEISTER"
"238417,""Пиво Hofbrau Swarze Weisse темное нефильтрованное, 0.5л"",https://online.metro-cc.ru/products/pivo-hofbrau-swarze-weisse-temnoe-nefiltrovannoe-05l,269,,HOFBRAU"
"58645,""Пиво Van Steenberge Piraat, 0.33л"",https://online.metro-cc.ru/products/van-steenberge-piraat-v-steklyannoj-butylke-033-l,299,,VAN STEENBERGE"
"140434,""Пиво Kometa IPA светлое, 0.45л"",https://online.metro-cc.ru/products/045l-pivo-kometa-ipa-zhb,159,,KOMETA IPA"
"562587,""Пиво Praga Premium Pils светлое, 0.5л"",https://online.metro-cc.ru/products/praga-premium-imported-05-l,149,,PRAGA"
"605533,""Пиво Amstel светлое, 0.45л"",https://online.metro-cc.ru/products/amstel-svetloe-st-b-045-l-605533,69.90,59.90,AMSTEL"
"228090,""Пиво Wychwood Brewery Hobgoblin Ruby темное, 0.5л"",https://online.metro-cc.ru/products/05l-pivo-wychwood-brewery-hobgoblin-rubi-tem-zhb,269,,WYCHWOOD BREWERY"
"238413,""Пиво Manneken Pils светлое фильтрованное, 0.33л"",https://online.metro-cc.ru/products/pivo-manneken-pils-svetloe-filtrovannoe-033l,249,189,MANNEKEN PILS"
"91742,""Пиво Schneider Weisse TAP 01 Weisse, 0.5л"",https://online.metro-cc.ru/products/schneider-weisse-steklo-05-l,199,,SCHNEIDER WEISSE"
"111611,""Пиво Ремесленное светлое, 1л"",https://online.metro-cc.ru/products/pivo-remeslennoe-svetloe-st-b-1l,247,,РЕМЕСЛЕННОЕ"
"134777,""Напиток пивной Brewlok Карамба светлый, 0.5л"",https://online.metro-cc.ru/products/napitok-brewlok-karamba-svetlyj-05-l,229,,BREWLOK"
"240767,""Пиво Erdinger Dunkel, 0.5л"",https://online.metro-cc.ru/products/pivo-erdinger-dunkel-05l-240767,299,229,ERDINGER"
"134784,""Пиво Brewlok Likho the One-Eyed светлое, 0.5л"",https://online.metro-cc.ru/products/brewlok-liho-odnoglazoe-svetloe-05-l,229,,BREWLOK"
"562560,""Пиво Hofbrau Original светлое, 0.5л"",https://online.metro-cc.ru/products/hofbrau-original-05-l,259,,HOFBRAU"
"388663,""Пиво Krusovice светлое, 0.5л"",https://online.metro-cc.ru/products/art-388663,199,168.90,KRUSOVICE"
"134781,""Пиво Brewlok Леший эль светлое, 0.5л"",https://online.metro-cc.ru/products/brewlok-leshij-el-svetloe-05-l,219,,BREWLOK"
"134851,""Пиво Schnitzlbaumer Edel-Pils, 0.5л"",https://online.metro-cc.ru/products/schnitzlbaumer-edel-pils-05-l,299,239,SCHNITZLBAUMER"
"239412,""Пиво Kurpfalz Brau Helles, 0.5л"",https://online.metro-cc.ru/products/05l-pivo-kurpfalz-broy-helles-st-239412,209,,KURPFALZ"
"601178,""Пиво Original Landbier Zwickl светлое, 0.5л"",https://online.metro-cc.ru/products/aktien-zwickl-kellerbier-original-polutemnoe-v-steklyannoj-butylke-05-l,289,,LANDBIER"
140435,Пиво Run Forest 0.45л,https://online.metro-cc.ru/products/045l-pivo-ran-forrest-zhb,129,99.90,RUN FOREST
"583399,""Пиво Tuborg Green светлое, 0.45л"",https://online.metro-cc.ru/products/tuborg-green-045-l-583399,82.90,64.90,TUBORG"
"118241,""Пиво St. Pierre Brune, 0.5л"",https://online.metro-cc.ru/products/stpierre-brune-zh-b-05-l,149,139,ST. PIERRE"
"138054,""Пиво Duff premium lager, 0.5л"",https://online.metro-cc.ru/products/pivo-duff-premium-lager-05l,129,,DUFF"
"138040,""Пиво Bakalar Dark Beer фильтрованное темное, 0.5л"",https://online.metro-cc.ru/products/pivo-bakalar-dark-beer-filtrovanoe-temnoe-05l-138040,189,,BAKALAR"
"117274,""Пиво Арсенальное Традиционное, 1.25л"",https://online.metro-cc.ru/products/tradicionnoe-arsenalnoe-pet-125l,125,,АРСЕНАЛЬНОЕ"
"238419,""Пиво Dreamteam Brew Lockdown светлое, 0.33л"",https://online.metro-cc.ru/products/pivo-dreamteam-brew-lockdown-svetloe-033l,219,,DREAMTEAM BREW"
"212988,""Пиво Хамовники Пильзенское, 0.45л"",https://online.metro-cc.ru/products/045l-pivo-hamovniki-pilzenskoe-st,75.90,59.90,ХАМОВНИКИ"
"239414,""Пиво Kurpfalz Brau Ur-Weizen, 0.5л"",https://online.metro-cc.ru/products/05l-pivo-kurpfalz-broy-ur-vaytsen-st-239414,209,,KURPFALZ"
"127809,""Пиво Dutch Windmill светлое, 0.5л"",https://online.metro-cc.ru/products/dutch-windmill-svetloe-05-l,129,104,DUTCH WINDMILL"
"437507,""Пиво Maisels Weisse Dunkel темное, 0.5л"",https://online.metro-cc.ru/products/maisel-039s-weisse-dunkel-54-05-l,199,,MAISELS"
"239400,""Пиво Steinbrau Schwarzbier, 0.5л"",https://online.metro-cc.ru/products/05l-pivo-steinbrau-shvartsbir-st-239400,199,,STEINBRAU"
"220122,""Пиво Eboshi светлое, 0.5л"",https://online.metro-cc.ru/products/05l-pivo-eboshi-svetloe-filtr-past-zhb,145,,EBOSHI"
"208749,""Пиво Dreamteam Brew Port Pilsner светлое, 0.33л"",https://online.metro-cc.ru/products/033l-pivo-dreamteam-brew-port-pilsner-svetloe-st,149,,DREAMTEAM BREW"
"46807,""Пиво Krusovice светлое, 0.45л"",https://online.metro-cc.ru/products/krusovice-svetloe-steklo-045-l,73.90,70.90,KRUSOVICE"
"420406,""Пиво Bakalar Pale Lager светлое, 0.5л"",https://online.metro-cc.ru/products/bakalar-svetloe-05-l,189,,BAKALAR"
"213476,""Напиток пивной Abbe Blonde светлое, 0.33л"",https://online.metro-cc.ru/products/033l-piv-nap-abbe-blond-svetloe-st-213476,139,69.90,ABBE"
"544022,""Пиво Flensburger Pilsener светлое, 0.5л"",https://online.metro-cc.ru/products/svetloe-flensburger-lager-zheleznaya-banka-05-l,179,,FLENSBURGER"
"120853,""Пиво Bud светлое, 0.44л"",https://online.metro-cc.ru/products/044-l-bad-st,79.90,69.90,BUD"
"134773,""Пиво Datour Royal Blonde, 0.5л"",https://online.metro-cc.ru/products/05l-pivo-datur-royal-blond-zhb-134773,169,,DATOUR"
"123207,""Пиво Охота Крепкое светлое, 1.25л"",https://online.metro-cc.ru/products/125l-ohota-krepkoe-pet,149,132.90,ОХОТА"
"123746,""Пивной напиток Chester's Яблочный полусухой, 0.45л"",https://online.metro-cc.ru/products/045-l-nap-chesters-yablochnyj-p-suh-st,109,,CHESTER'S"
"214943,""Пивной напиток Chester's Грейпфрут, 0.45л"",https://online.metro-cc.ru/products/045l-piv-nap-chesters-greypfrut-st,119,,CHESTER'S"
"120855,""Пиво Bud 66, 0.44л"",https://online.metro-cc.ru/products/044-l-bad-66-st,79.90,69.90,BUD"
"138055,""Пиво Ebertsburg Hefeweizen, 0.5л"",https://online.metro-cc.ru/products/pivo-edelburg-hefeweizen-05l,129,,EBERTSBURG"
"138056,""Пиво Apostel Weissbier, 0.5л"",https://online.metro-cc.ru/products/pivo-apostel-weissbier-05l,129,,APOSTEL"
"215517,""Пиво Datour Royal Brun, 0.5л"",https://online.metro-cc.ru/products/05l-pivo-datour-royal-bryun-zhb,169,,DATOUR"
"212989,""Пиво Хамовники Венское, 0.45л"",https://online.metro-cc.ru/products/045l-pivo-hamovniki-venskoe-st,75.90,59.90,ХАМОВНИКИ"
"138044,""Пиво Staroceske Tradicni светлое, 0.5л"",https://online.metro-cc.ru/products/pivo-staroceske-tradicni-svetloe-05l-138044,164,,STAROCESKE"
"221199,""Напиток Essa пивной коколада кокос-манго, 0.4л"",https://online.metro-cc.ru/products/04l-piv-nap-essa-kokolada-kokosmango-st,89.90,69.90,ESSA"
"128282,""Пиво Eboshi Happoshu, 0.5л"",https://online.metro-cc.ru/products/05-l-pivo-ibosi-happosyu-zhb-128282,179,129,EBOSHI"
"624731,""Пиво Zatecky Gus светлое, 0.9л"",https://online.metro-cc.ru/products/art-624731,139,119,ZATECKY GUS"
"74857,""Пивной напиток Горьковская пивоварня Манго втроем светлый, 0.44л"",https://online.metro-cc.ru/products/mango-v-troem-pshenichnoe-5-044-l,119,,ГОРЬКОВСКАЯ ПИВОВАРНЯ"
"58846,""Пиво Velkopopovicky Kozel Rezany, 0.45л"",https://online.metro-cc.ru/products/velkopopovicky-kozel-rezany-svetloe-045-l,89.90,67.90,VELKOPOPOVICKY KOZEL"
"596862,""Пиво Балтика №3 Классическое, 0.9л"",https://online.metro-cc.ru/products/art-596862,99.90,,БАЛТИКА"
"73963,""Пиво Жигули Барное Бархатное, 0.45л"",https://online.metro-cc.ru/products/zhiguli-barnoe-barhatnoe-v-zheleznoj-banke-045-l,69.90,,ЖИГУЛИ БАРНОЕ"
"238512,""Напиток пивной Garage Hardcore Манго, 0.45л"",https://online.metro-cc.ru/products/napitok-pivnoy-garage-hardcore-mango-045l,75.90,,GARAGE"
"243981,""Пиво Tsingtao Premium Lager светлое, 0.5л"",https://online.metro-cc.ru/products/05l-pivo-tsingtao-premium-lager-sv-47-zhb-243981,159,,TSINGTAO"
"242646,""Пиво Zotler Bayerisch Hell светлое, 0.5л"",https://online.metro-cc.ru/products/pivo-zotler-bayerisch-hell-svetloe-05l,389,,ZOTLER"
"136837,""Пиво Faxe Premium, 0.45л"",https://online.metro-cc.ru/products/045l-pivo-faxe-premium-but,73.90,,FAXE"
"203367,""Пиво Wieninger Weisbier Hell светлое нефильтрованное непастеризованное, 0.5л"",https://online.metro-cc.ru/products/05l-pivo-wieninger-weisbier-hell-sv-nef-nep-st,199,,WIENINGER"
"238514,""Напиток пивной Garage Hardcore Дыня, 0.45л"",https://online.metro-cc.ru/products/napitok-pivnoy-garage-hardcore-dynya-045l,75.90,,GARAGE"
"223725,""Напиток пивной Hoegaarden вишня, 0.44л"",https://online.metro-cc.ru/products/044l-piv-nap-hoegaarden-vishnya-st-223725,89.90,,HOEGAARDEN"
"564854,""Пиво Bayreuther Hell светлое фильтрованное, 0.5л"",https://online.metro-cc.ru/products/svetloe-bayreuther-hell-pshenichnoe-steklo-05-l,229,,BAYREUTHER HELL"
"223728,""Напиток пивной Hoegaarden вишня, 0.45л"",https://online.metro-cc.ru/products/045l-piv-nap-hoegaarden-vishnya-zhb-223728,89.90,,HOEGAARDEN"
"420380,""Пиво Bakalar Premium Lager, 0.5л"",https://online.metro-cc.ru/products/bakalar-svetloe-tyomnoe-05-l,189,,BAKALAR"
"98524,""Пивной напиток Cherry Night с ароматом вишни, 1л"",https://online.metro-cc.ru/products/cherry-night-1-l,149,,CHERRY NIGHT"
"75789,""Пиво Сибирская Корона Классическое, 0.45л"",https://online.metro-cc.ru/products/klassicheskoe-v-stekle-sibirskaya-korona-045-l,82.90,,СИБИРСКАЯ КОРОНА"
"201408,""Пиво Einsiedler Pilsner, 0.5л"",https://online.metro-cc.ru/products/05l-pivo-einsiedler-pilsener-st,179,,EINSIEDLER"
"135259,""Пиво Van Steenberge Bruegel светлое, 0.33л"",https://online.metro-cc.ru/products/van-steen-bruegel-svetloe-033-l,209,,VAN STEENBERGE"
"208754,""Пиво Dreamteam Brew Sint Pieters светлое, 0.33л"",https://online.metro-cc.ru/products/033l-pivo-dreamteam-brew-sint-piters-svetloe-st,209,,DREAMTEAM BREW"
"217869,""Пиво Белый медведь светлое, 1.15л"",https://online.metro-cc.ru/products/115l-pivo-belyy-medved-svetloe-pet,139,114,БЕЛЫЙ МЕДВЕДЬ"
"74918,""Пиво Grossmeister Premium Beer светлое, 0.5л"",https://online.metro-cc.ru/products/grossmeister-premium-beer-v-zheleznoj-banke-05-l,163,129,GROSSMEISTER"
"242447,""Пиво Singa светлое фильтрованное, 0.49л"",https://online.metro-cc.ru/products/049l-pivo-singha-sv-filtr-zhb-242447,259,,SINGA"
"220120,""Пиво Thron Weizen светлое, 0.5л"",https://online.metro-cc.ru/products/05l-pivo-thron-vaytsen-svetloe-nf-past-zhb,139,,THRON"
"202106,""Пиво Lowenbrau нефильтрованное, 0.45л"",https://online.metro-cc.ru/products/045l-pivo-lowenbrau-nefiltrovannoe-but,85.90,,LOWENBRAU"
"596253,""Пиво Золотая Бочка светлое фильтрованное, 0.45л"",https://online.metro-cc.ru/products/zolotaya-bochka-svetloe-v-zheleznoj-banke-045-l,68.90,58.90,ЗОЛОТАЯ БОЧКА"
"241718,""Пиво Gletcher Underground Ale, 0.5л"",https://online.metro-cc.ru/products/05l-pivo-gletcher-andergraund-el-st-241718,159,,GLETCHER"
"135626,""Пиво светлое Афанасий Первое живое нефильтрованное осветленное, 1л"",https://online.metro-cc.ru/products/pivo-svetloe-afanasiy-pervoe-zhivoe-nefiltrovannoe-osvetlennoe-1l,199,,АФАНАСИЙ"
"227464,""Пиво Stiegl Hell, 0.5л"",https://online.metro-cc.ru/products/05l-pivo-stiegl-hell-zhb,159,,STIEGL"
"238506,""Пиво Балтика Русский имперский стаут, 0.44л"",https://online.metro-cc.ru/products/pivo-baltika-russkiy-imperskiy-staut-044l,149,129,БАЛТИКА"
"242410,""Напиток пивной New Riga's Brewery Tomato Gose Thai Morning, 0.45л"",https://online.metro-cc.ru/products/napitok-pivnoy-new-rigas-brewery-tomato-gose-thai-morning-045l,179,,NEW RIGA'S BREWERY"
"215168,""Напиток пивной Konix Brewery Ice Cream Porter Chocolate, 0.45л"",https://online.metro-cc.ru/products/045l-piv-nap-konix-brewery-porter-morozh-shokolad-zhb,159,,KONIX BREWERY"
"203369,""Пиво Steinbrau Helles светлое фильтрованное пастеризованное, 0.5л"",https://online.metro-cc.ru/products/05l-pivo-steinbrau-helles-svetl-filtrov-paster-st,199,,STEINBRAU"
"132877,""Пиво Жигули барное, 0.9л"",https://online.metro-cc.ru/products/pivo-zhiguli-barnoe-09l,169,122.90,ЖИГУЛИ"
"132155,""Напиток пивной Doctor Diesel ежевика, 0.45л"",https://online.metro-cc.ru/products/napitok-pivnoj-doctor-diesel-ezhevika-045-l-132155,80.90,,DOCTOR DIESEL"
"129678,""Пиво Ярпиво Паровое светлое, 0.45л"",https://online.metro-cc.ru/products/parovoe-svetloe-045-l,63.90,,ЯРПИВО"
"129793,""Пиво Amstel светлое, 1.25л"",https://online.metro-cc.ru/products/amstel-svetloe-125l,157,139.90,AMSTEL"
"222888,""Пиво Taiwan beer Gold Medal светлое, 0.33л"",https://online.metro-cc.ru/products/033l-pivo-taiwan-beer-gold-medal-sv-zhb,149,,TAIWAN BEER"
"200763,""Пиво Жигулевское Специальное, 1.2л"",https://online.metro-cc.ru/products/12l-pivo-zhigulevskoe-spets-pet,109,,ЖИГУЛЕВСКОЕ"
"75088,""Пивной напиток Doctor Diesel Hot Mix вишня персик, 0.45л"",https://online.metro-cc.ru/products/napitok-drdiesel-hot-mix-vishnya-persik-steklo-045-l,80.90,,DOCTOR DIESEL"
"241718,""Пиво Gletcher Underground Ale, 0.5л"",https://online.metro-cc.ru/products/05l-pivo-gletcher-andergraund-el-st-241718,159,,GLETCHER"
"227464,""Пиво Stiegl Hell, 0.5л"",https://online.metro-cc.ru/products/05l-pivo-stiegl-hell-zhb,159,,STIEGL"
"117272,""Пиво Арсенальное Крепкое, 1.25л"",https://online.metro-cc.ru/products/krepkoe-arsenalnoe-pet-125l,152,127.90,АРСЕНАЛЬНОЕ"
"215206,""Напиток пивной Abbe Brune темное, 0.33л"",https://online.metro-cc.ru/products/033l-piv-nap-abbe-bryun-tem-st,139,,ABBE"
"585708,""Пиво Охота Крепкое светлое, 0.45л"",https://online.metro-cc.ru/products/ohota-svetloe-krepkoe-pasterizovannoe-81-st-b-045-l,62.90,60.90,ОХОТА"
"221699,""Пиво Garneli фильтрованное, 0.5л"",https://online.metro-cc.ru/products/05l-pivo-garneli-filtr-47-zhb,219,129,GARNELI"
"221206,""Напиток Essa пивной лайм-мята, 0.4л"",https://online.metro-cc.ru/products/04l-piv-nap-essa-laymmyata-st,89.90,69.90,ESSA"
"104691,""Пиво Kilikia Original светлое, 0.5л"",https://online.metro-cc.ru/products/pivo-kilikia-originalnoe-05-l,129,,KILIKIA"
"134863,""Пиво Zubr Classic, 0.5л х 24шт"",https://online.metro-cc.ru/products/svetloe-filtrovannoe-klassik-05-l,169,129,ZUBR"
"638267,""Пиво Faxe Premium светлое, 0.45л"",https://online.metro-cc.ru/products/faxe-zheleznaya-banka-045-l,73.90,,FAXE"
"134870,""Пиво светлое фильтрованное Weltenburger Kloster Hell, 0.5л"",https://online.metro-cc.ru/products/svetloe-filtrovannoe-weltenburger-kloster-hell-05-l,199,,WELTENBURGER KLOSTER"
"243975,""Пиво Хатэ-Тайм светлое, 0.95л"",https://online.metro-cc.ru/products/095l-pivo-hate-taym-sv-33-zhb-243975,329,,ХАТЭ-ТАЙМ"
"201410,""Пиво Einsiedler Schwarzbier, 0.5л"",https://online.metro-cc.ru/products/05l-pivo-einsiedler-schwarzbier-st,189,,EINSIEDLER"
"222889,""Пиво Taiwan beer Gold Medal светлое, 0.5л"",https://online.metro-cc.ru/products/05l-pivo-taiwan-beer-gold-medal-sv-zhb,199,,TAIWAN BEER"
"242019,""Пиво Konix Brewery Munich Helles, 0.45л"",https://online.metro-cc.ru/products/pivo-konix-brewery-munich-helles-045l,116,,KONIX BREWERY"
"206339,""Пиво Чуанлан светлое, 1л"",https://online.metro-cc.ru/products/1l-pivo-chuanlan-svetloe-zhb,389,,ЧУАНЛАН"
"215205,""Пиво Wychwood Brewery Hobgoblin Ruby темное, 0.5л"",https://online.metro-cc.ru/products/05l-pivo-vichvud-bryuveri-hobgob-rubi-tem-st,309,,WYCHWOOD BREWERY"
"128051,""Пиво Дон Южный Рецепт светлое, 1.2л"",https://online.metro-cc.ru/products/don-yuzhnyj-recept-svetloe-12l,139,111,ДОН"
"238518,""Напиток пивной Tuborg Gold нефильтрованный, 0.45л"",https://online.metro-cc.ru/products/napitok-pivnoy-tuborg-gold-nefiltrovannyy-045l,71.90,,TUBORG"
"140446,""Напиток пивной Raspberry Ale Коза в малиннике, 0.45л"",https://online.metro-cc.ru/products/045l-piv-nap-rasberri-el-koza-v-malinnike-zhb,169,,RASPBERRY ALE"
"111606,""Пиво Ремесленное темное, 1л"",https://online.metro-cc.ru/products/pivo-remeslennoe-temnoe-st-b-1l,247,,РЕМЕСЛЕННОЕ"
"135258,""Пиво De Halve Maan Bruegel Zot светлое, 0.33л"",https://online.metro-cc.ru/products/de-halve-maan-bruegel-zot-svetloe-033-l,289,,DE HALVE MAAN"
239418,Пиво Fullers London Pride 0.5л,https://online.metro-cc.ru/products/05l-pivo-fullers-london-prayd-st-239418,289,,FULLERS LONDON PRIDE
"116845,""Пиво светлое Abk Hell, 0.5л"",https://online.metro-cc.ru/products/svetloe-abk-hell-steklo-05-l-116845,209,,ABK"
"98340,""Пиво Liebenbrau Helles, 0.5л"",https://online.metro-cc.ru/products/liebenbrau-helles-05-l,145,,LIEBENBRAU"
"215161,""Пиво Eggenberg Hopfenkonig светлое фильтрованное, 0.5л"",https://online.metro-cc.ru/products/05l-pivo-eggenberg-hopfenkonig-sv-filtr-51-st,319,,EGGENBERG"
"243972,""Пиво Harbin светлое, 0.61л"",https://online.metro-cc.ru/products/061l-pivo-harbin-svetloe-36-st-243972,209,,HARBIN"
"229723,""Пиво Бочкарев холод и солод, 0.43л"",https://online.metro-cc.ru/products/043l-pivo-bochkarev-holod-i-solod-st-229723,73.90,53.90,БОЧКАРЕВ"
"200769,""Пиво Балтика №7 экспортное, 0.45л"",https://online.metro-cc.ru/products/045l-pivo-baltika-7-eksp-st,69.90,59.90,БАЛТИКА"
"134861,""Пиво Rodenbach темное фильтрованное, 0.5л"",https://online.metro-cc.ru/products/temnoe-filtrovannoe-rodenbach-05-l,179,149,RODENBACH"
"123201,""Пиво Охота Крепкое светлое, 0.43л"",https://online.metro-cc.ru/products/043-l-ohota-krepkoe-zh-b,62.90,60.90,ОХОТА"
"215173,""Пиво Konix Brewery Cherie Cherry, 0.5л"",https://online.metro-cc.ru/products/05l-piv-nap-konix-brewery-sheri-cherri-st,159,,KONIX BREWERY"
"596251,""Пиво Золотая Бочка Классическое светлое, 0.45л"",https://online.metro-cc.ru/products/zolotaya-bochka-klassicheskoe-svetloe-zh-b-045-l,68.90,58.90,ЗОЛОТАЯ БОЧКА"
"223730,""Пиво Gansburg Original, 1.15л"",https://online.metro-cc.ru/products/115l-pivo-gansburg-oridzhinal-pet-223730,159,,GANSBURG"
"128049,""Напиток пивной Garage Хардкор ананас, 0.4л"",https://online.metro-cc.ru/products/garazh-hardkor-ananas-04-l,84.90,74.90,GARAGE"
"642081,""Пиво Delirium Tremens, 0.33л"",https://online.metro-cc.ru/products/delirium-tremens-st-033-l,369,,DELIRIUM"
"429960,""Пиво Kilkenny Draught красное, 0.44л"",https://online.metro-cc.ru/products/temnoe-kilkenny-staut-zheleznaya-banka-044-l,299,,KILKENNY"
"80764,""Пивной напиток Gletcher Milk Of Amnesia Tropic светлый, 0.5л"",https://online.metro-cc.ru/products/napitok-gletcher-milk-of-amnesia-tropic-svetlyj-05-l,165,126.90,GLETCHER"
"238064,""Пиво Carlow O'Hara's Ирландский стаут, 0.5л"",https://online.metro-cc.ru/products/pivo-carlow-oharas-irlandskiy-staut-05l,499,,CARLOW O'HARA'S"
"131664,""Пиво светлое Landerbrau фильтрованное пастеризованное, 0.5л"",https://online.metro-cc.ru/products/pivo-svetloe-lander-brau-filtrovannoe-pasterizovannoe-05-l,159,119,LANDERBRAU"
"135618,""Пиво Балтика темное, 0.45л"",https://online.metro-cc.ru/products/pivo-baltika-temnoe-045l-135618,76.90,69.90,БАЛТИКА"
"113803,""Пиво Балтика №7 Мягкое, 0.95л"",https://online.metro-cc.ru/products/pivo-myagkoe-baltika-7-pet-095-l-113803,119,105,БАЛТИКА"
"420362,""Пиво Erdinger Weisbier светлое пшеничное, 0.5л"",https://online.metro-cc.ru/products/svetloe-erdinger-weisbier-pshenichnoe-05-l,279,,ERDINGER"
"58651,""Пивной напиток Amsterdam Navigator светлое, 0.45л"",https://online.metro-cc.ru/products/napitok-amsterdam-steklo-045-l,95.90,84.90,AMSTERDAM"
"202057,""Напиток пивной Kriek Boon светлый, 0.75л"",https://online.metro-cc.ru/products/075l-piv-nap-kriek-boon-sv-f-past-st,812,,KRIEK BOON"
"129805,""Пиво Три медведя светлое, 1.25л"",https://online.metro-cc.ru/products/tri-medvedya-svetloe-125l,149,119,ТРИ МЕДВЕДЯ"
"238520,""Пиво Балтика №6 Портер, 0.45л"",https://online.metro-cc.ru/products/pivo-baltika-6-porter-045l,110,,БАЛТИКА"
"203366,""Пиво Wieninger Export Hell светлое фильтрованное, 0.5л"",https://online.metro-cc.ru/products/05l-pivo-wieninger-guidobald-export-sv-f-nep-st,199,,WIENINGER"
"203963,""Пиво Datour Royal Blonde, 0.33л"",https://online.metro-cc.ru/products/033l-pivo-datour-royal-blonde-st,155,119,DATOUR"
"31374,""Пиво Bud 66 светлое, 0.45л"",https://online.metro-cc.ru/products/bud-66-zheleznaya-banka-045-l,99.90,,BUD"
"202136,""Напиток Бочкарев пивной баварский светлый, 1.2л"",https://online.metro-cc.ru/products/12l-piv-nap-bochkarev-bavarskoe-svetloe-pet,129,109,БОЧКАРЕВ"
"75068,""Пивной напиток Doctor Diesel Mild Mix манго красный апельсин, 0.45л"",https://online.metro-cc.ru/products/napitok-drdiesel-mild-mix-mango-krasnyj-apelsin-steklo-045-l,80.90,,DOCTOR DIESEL"
"619587,""Пиво Estrella Damm светлое, 0.33л x 24 шт"",https://online.metro-cc.ru/products/estrella-damm-033-l,3576,,ESTRELLA"
438059,Пивной напиток Redd's 0.33л,https://online.metro-cc.ru/products/napitok-redds-033-l-438059,94.90,74.90,REDD'S
"226993,""Пиво Monchshof Weissbier светлое, 5л"",https://online.metro-cc.ru/products/5l-pivo-monchshof-weissbier-sv-zhb,1999,,MONCHSHOF"
"113674,""Пиво Балтика №3, 1.3л"",https://online.metro-cc.ru/products/13l-pivo-baltika-3-pet,139,108,БАЛТИКА"
"585513,""Пиво Афанасий Крафтовое, 0.75л"",https://online.metro-cc.ru/products/afanasij-kraftovok-pet-075-l,210,,АФАНАСИЙ"
"593360,""Пиво Efes Pilsner светлое, 0.45л"",https://online.metro-cc.ru/products/art-593360,72.90,,EFES"
"116544,""Пиво Liebenbrau Helles, 0.5л"",https://online.metro-cc.ru/products/05-l-pivo-libenbroj-hel-st,194,,LIEBENBRAU"
"213478,""Напиток пивной Старый Мельник из бочонка пшеничное, 0.45л x 12шт"",https://online.metro-cc.ru/products/045l-piv-nap-staryy-melnik-iz-bochonka-pshenichnoe-st-213478,65.90,,СТАРЫЙ МЕЛЬНИК"
"58534,""Пиво Grossmeister Wheat Beer, 0.5л"",https://online.metro-cc.ru/products/grossmeister-wheat-beer-v-zheleznoj-banke-05-l,147,134.90,GROSSMEISTER"
"74824,""Пивной напиток Горьковская пивоварня Шоколадный стаут нефильтрованный, 0.44л"",https://online.metro-cc.ru/products/napitok-staut-gorkij-v-shoke-shokoladnyj-7-044-l,119,,ГОРЬКОВСКАЯ ПИВОВАРНЯ"
"341837,""Пиво Афанасий живое нефильтрованное осветленное, 750мл"",https://online.metro-cc.ru/products/afanasij-dobroe-zhivoe-nefiltrovannoe-osvetlennoe-075-l,271,,АФАНАСИЙ"
"221200,""Напиток Essa пивной дыня-клубника, 0.4л"",https://online.metro-cc.ru/products/04l-piv-nap-essa-dynyaklubnika-st,89.90,69.90,ESSA"
"229720,""Пиво Бочкарев живой розлив, 0.43л"",https://online.metro-cc.ru/products/043l-pivo-bochkarev-zhivoy-rozliv-st-229720,73.90,53.90,БОЧКАРЕВ"
"203963,""Пиво Datour Royal Blonde, 0.33л"",https://online.metro-cc.ru/products/033l-pivo-datour-royal-blonde-st,155,119,DATOUR"
"201398,""Пиво Einsiedler Weissbeir, 0.5л"",https://online.metro-cc.ru/products/05l-pivo-einsiedler-weissbier-st,189,,EINSIEDLER"
"242056,""Пиво Zotler Korbinian Dunkel темное, 0.5л"",https://online.metro-cc.ru/products/pivo-zotler-korbinian-dunkel-temnoe-05l,389,,ZOTLER"
"593746,""Пиво Fruh Kolsch светлое, 0.5л"",https://online.metro-cc.ru/products/fruh-kolsch-v-steklyannoj-butylke-05-l,249,,FRUH KOLSCH"
"239397,""Пиво Steinbrau Edel Hell, 0.5л"",https://online.metro-cc.ru/products/05l-pivo-steinbrau-edel-hell-zhb-239397,189,,STEINBRAU"
"243954,""Пиво Harbin Premium Lager светлое, 0.61л"",https://online.metro-cc.ru/products/061l-pivo-harbin-premium-lager-sv-50-st-243954,229,,HARBIN"
"240766,""Пиво Erdinger Dunkel, 0.5л"",https://online.metro-cc.ru/products/pivo-erdinger-dunkel-05l-240766,225,179,ERDINGER"
"113679,""Пиво Балтика №9, 1.3л"",https://online.metro-cc.ru/products/13l-pivo-baltika-9-pet,149,129,БАЛТИКА"
"203368,""Пиво Wieninger Ruperti Pils светлое фильтрованное, 0.5л"",https://online.metro-cc.ru/products/05l-pivo-wieninger-ruperti-pils-sv-f-nep-st,199,,WIENINGER"
"134868,""Напиток пивной нефильтрованный неосветленный пастеризованный Rodenbach Fruitage, 0.25л"",https://online.metro-cc.ru/products/napitok-nefiltrovannyj-neosvetlennyj-pasterizovannyj-rodenbach-fruitage-025-l,179,,RODENBACH"
"218675,""Пиво Welfbrau Premium Pils светлое фильтрованное, 0.5л"",https://online.metro-cc.ru/products/05l-pivo-welfbrau-premium-pils-sv-filt-zhb,144,,WELFBRAU"
"596865,""Пиво Tuborg Green светлое, 0.9л"",https://online.metro-cc.ru/products/art-596865,139,,TUBORG"
"217834,""Пиво Жигулевское бочковое светлое, 1.15л"",https://online.metro-cc.ru/products/115l-pivo-zhigulevskoe-bochkovoe-svetloe-pet,164,,ЖИГУЛЕВСКОЕ"
"109690,""Пиво Жигулевское высший сорт, 0.45л"",https://online.metro-cc.ru/products/pivo-zhigulevskoe-vysshij-sort-zh-b-045-l-109690,48.90,,ЖИГУЛЕВСКОЕ"
"123195,""Пиво Gosser светлое, 0.43л"",https://online.metro-cc.ru/products/043-l-gesser-sv-zh-b,64.90,59.90,GOSSER"
"72042,""Пиво Delirium Huyghe Red, 0.33л"",https://online.metro-cc.ru/products/delirium-red-v-steklyannoj-butylke-033-l,379,,DELIRIUM"
"134779,""Пиво Brewlok Иван Царевич светлое, 0.5л"",https://online.metro-cc.ru/products/brewlok-ivan-carevich-svetloe-05-l,219,,BREWLOK"
"113691,""Пиво Lowenbrau светлое, 1.3л"",https://online.metro-cc.ru/products/pivo-lowenbrau-pet-13l-113691,175,,LOWENBRAU"
"133684,""Пиво Lowenbrau нефильтрованное, 1.3л"",https://online.metro-cc.ru/products/pivo-lowenbrau-nefiltrovannoe-13l-133684,175,,LOWENBRAU"
"891,""Пиво Thron светлое, 0.5л"",https://online.metro-cc.ru/products/thron-lager-svetloe-v-zheleznoj-banke-05-l,145,,THRON"
"135090,""Пиво Жигули 1968 светлое, 0.43л"",https://online.metro-cc.ru/products/zhiguli-1968-svetloe-043-l,69.90,,ЖИГУЛИ"
"221217,""Напиток El Capulco пивной, 0.4л"",https://online.metro-cc.ru/products/04l-piv-nap-el-capulco-st,84.90,,EL CAPULCO"
"593359,""Пиво Efes Pilsner светлое, 0.45л"",https://online.metro-cc.ru/products/efes-pilsener-v-butylke-045-l,72.90,,EFES"
"243956,""Пиво Harbin Premium Lager светлое, 0.33л"",https://online.metro-cc.ru/products/033l-pivo-harbin-premium-lager-sv-55-st-243956,129,,HARBIN"
"601170,""Пиво Landbier Bayreuther Original Dunkel темное, 0.5л"",https://online.metro-cc.ru/products/landbier-dunkel-tyomnoe-st-05-l,289,,LANDBIER"
"218675,""Пиво Welfbrau Premium Pils светлое фильтрованное, 0.5л"",https://online.metro-cc.ru/products/05l-pivo-welfbrau-premium-pils-sv-filt-zhb,144,,WELFBRAU"
"213558,""Пиво Tuborg Ice Draft, 0.48л"",https://online.metro-cc.ru/products/048l-pivo-tuborg-ays-draft-st,82.90,64.90,TUBORG"
"217255,""Пиво Bakalar безалкогольное, 0.33л х 24 шт"",https://online.metro-cc.ru/products/033l-pivo-bakalar-ho-ba-st,3336,,BAKALAR"
"217253,""Пиво Stella Artois светлое безалкогольное, 0.44л х 20 шт"",https://online.metro-cc.ru/products/044l-pivo-stella-artua-ba,1598,1298.06,Россия"
"215203,""Пиво Estrella Damm, 0.33л"",https://online.metro-cc.ru/products/033l-pivo-estrella-damm-zhb,125,,ESTRELLA"
"201412,""Пиво Lev Czech Lion, 0.5л"",https://online.metro-cc.ru/products/05l-pivo-lev-czech-lion-st,159,,LEV CZECH"
"114251,""Пиво Stella Artois светлое безалкогольное, 0.45л x 24 шт"",https://online.metro-cc.ru/products/stella-artois-bezalkogolnoe-zh-b-045-l-114251,1917.60,1557.67,STELLA ARTOIS"
"580191,""Пиво Tuborg Green светлое, 0.48л"",https://online.metro-cc.ru/products/art-580191,82.90,64.90,TUBORG"
"429932,""Пиво Guinness Draught темное, 0.44л"",https://online.metro-cc.ru/products/temnoe-guinness-staut-zheleznaya-banka-044-l,245,,GUINNESS"
"240476,""Пиво Erdinger безалкогольное, 0.5л"",https://online.metro-cc.ru/products/pivo-erdinger-bezalkogolnoe-05l,229,169,ERDINGER"
"65165,""Пиво Жигули Барное Пшеничное, 0.45л"",https://online.metro-cc.ru/products/zhiguli-barnoe-pshenichnoe-steklo-045-l,69.90,59.90,ЖИГУЛИ БАРНОЕ"
"584941,""Пиво Engel Gold фильтрованное светлое, 0.5л"",https://online.metro-cc.ru/products/engel-gold-500ml,339,,ENGEL GOLD"
"127807,""Пивной напиток St. Pierre Blanche, 0.5л"",https://online.metro-cc.ru/products/napitok-st-pierre-blanche-05-l,149,139,ST. PIERRE"
"208371,""Пиво Tsingtao светлое безалкогольное, 0.33л"",https://online.metro-cc.ru/products/033l-pivo-tsindao-svetloe-ba-st,129,,Китай"
"58826,""Пиво Velkopopovicky Kozel Rezany, 0.45л"",https://online.metro-cc.ru/products/velkopopovicky-kozel-rezany-zh-b-045-l,89.90,67.90,VELKOPOPOVICKY KOZEL"
"220126,""Пиво Wolpertinger Naturtrubes Hefeweissbier светлое, 0.5л"",https://online.metro-cc.ru/products/05l-pivo-wolpertinger-pshenichnoe-zhb,149,133.90,WOLPERTINGER"
"203961,""Пиво Wolpertinger лагер, 0.5л"",https://online.metro-cc.ru/products/05l-pivo-wolpertinger-lager-st,199,179,WOLPERTINGER"
"49888,""Пиво Горьковская пивоварня India Pale Ale, 0.44л"",https://online.metro-cc.ru/products/gorkovskaya-pivovarnya-india-pale-ale-steklo-044-l,106,,ГОРЬКОВСКАЯ ПИВОВАРНЯ"
"140453,""Пиво Run Forest безалкогольное, 0.33л"",https://online.metro-cc.ru/products/033l-pivo-ran-forrest-ba-zhb,89.90,,RUN FOREST"
"219297,""Пиво Жигулевское специальное, 0.44л"",https://online.metro-cc.ru/products/044l-pivo-zhigulevskoe-spetsialnoe-st,43.90,,ЖИГУЛЕВСКОЕ"
"134867,""Напиток пивной Kriek Boon светлый фильтрованный, 0.25л x 24 шт"",https://online.metro-cc.ru/products/025-l-pivn-nap-sv-f-p-kriek-bun-st,4536,,KRIEK BOON"
"134875,""Пиво Schneider's Bayerisch Hell светлое фильтрованное, 0.5л x 20 шт"",https://online.metro-cc.ru/products/05l-pivo-sv-f-nep-shnayders-bayrish-hel-st,3980,,SCHNEIDER'S"
"134778,""Напиток пивной Brewlok Карамба светлый, 0.5л x 12 шт"",https://online.metro-cc.ru/products/05-l-napitok-brewlok-karamba-svetlyj,2748,,BREWLOK"
"245311,""Напиток пивной Cheerday Бельгийский светлый, 1л"",https://online.metro-cc.ru/products/napitok-pivnoy-cheerday-belgiyskiy-svetlyy-1l,499,,Пивной напиток"
"215172,""Пиво Konix Brewery Mon Cher Cassis, 0.5л"",https://online.metro-cc.ru/products/05l-piv-nap-konix-brewery-mon-sher-kassis-st,165,,KONIX BREWERY"
"217842,""Пиво Клинское светлое, 1.15л"",https://online.metro-cc.ru/products/115l-pivo-klinskoe-svetloe-pet,159,,КЛИНСКОЕ"
"215169,""Напиток пивной Konix Brewery Ice Cream Porter Plombeer, 0.45л"",https://online.metro-cc.ru/products/045l-piv-nap-konix-brewery-porter-morozh-plombir-zhb,159,,KONIX BREWERY"
"134869,""Напиток пивной нефильтрованный неосветленный пастеризованный Rodenbach Fruitage, 0.25л x 24 шт"",https://online.metro-cc.ru/products/025-l-pivn-nap-nef-neosv-past-rodenbah-frutazh-st,4296,,RODENBACH"
"134780,""Пиво Brewlok Иван Царевич светлое, 0.5л x 12 шт"",https://online.metro-cc.ru/products/05l-pivo-brewlok-ivan-tsarevich-svetloe,2628,,BREWLOK"
"217254,""Пиво Lowenbrau пшеничное безалкогольное, 0.45л х 24 шт"",https://online.metro-cc.ru/products/045l-pivo-levenbrau-pshen-ba-zhb,1437.60,1197.66,Россия"
"134871,""Пиво светлое фильтрованное Weltenburger Kloster Hell, 0.5л x 20 шт"",https://online.metro-cc.ru/products/05l-pivo-sv-f-p-veltenburger-kloster-hell-st,3980,,WELTENBURGER KLOSTER"
"245299,""Пиво Балтика №7 экспортное, 0.5л"",https://online.metro-cc.ru/products/pivo-baltika-7-eksportnoe-05l,89.90,59.90,БАЛТИКА"
"42181,""Пиво Peterhof Живое светлое нефильтрованное, 1л"",https://online.metro-cc.ru/products/peterhof-zhivoe-pet-1l,129,,PETERHOF"
"639628,""Пиво Волковская пивоварня Бланш де Мазай светлое нефильтрованное, 0.45л x 12 шт"",https://online.metro-cc.ru/products/svetloe-volkovskaya-pivovarnya-blansh-de-mazaj-pshenichnoe-nefiltrovannoe-steklo-v-upakovke-12h045-l,1198.80,,ВОЛКОВСКАЯ ПИВОВАРНЯ"
"638267,""Пиво Faxe Premium светлое, 0.45л"",https://online.metro-cc.ru/products/faxe-zheleznaya-banka-045-l,73.90,,FAXE"
"243504,""Напиток пивной Rouge Et Noire Kriek, 0.25л"",https://online.metro-cc.ru/products/napitok-pivnoy-rouge-et-noire-kriek-025l,189,,ROUGE ET NOIRE"
245293,Пиво Platina Latina 0.4л,https://online.metro-cc.ru/products/pivo-platina-latina-045l,69.90,,PLATINA LATINA
"246405,""Пиво Bakalar холодного охмеления, 0.5л"",https://online.metro-cc.ru/products/pivo-bakalar-holodnogo-ohmeleniya-05l-246405,209,,BAKALAR"
"206310,""Пиво Gletcher Heidegger Hell, 0.5л"",https://online.metro-cc.ru/products/05l-pivo-gletcher-heidegger-hell-st,139,109,GLETCHER"
"242022,""Напиток пивной Konix Brewery Cherie Cherry, 0.45л"",https://online.metro-cc.ru/products/napitok-pivnoy-konix-brewery-cherie-cherry-045l,154,,KONIX BREWERY"
"217836,""Пиво Белый медведь крепкое, 1.15л"",https://online.metro-cc.ru/products/115l-pivo-belyy-medved-krepkoe-pet,149,,БЕЛЫЙ МЕДВЕДЬ"
"213567,""Напиток пивной Tuborg Mix up манго-маракуйя, 0.48л"",https://online.metro-cc.ru/products/048l-piv-nap-tuborg-mango-marakuya-st,77.90,,TUBORG"
"229717,""Напиток пивной Бочкарев Белый колос нефильтрованное, 0.43л"",https://online.metro-cc.ru/products/043l-piv-nap-bochkarev-belyy-kolos-nefiltr-st-229717,73.90,53.90,БОЧКАРЕВ"
"242054,""Пиво Bayerns Stammtisch светлое, 0.5л"",https://online.metro-cc.ru/products/pivo-bayerns-stammtisch-svetloe-05l,339,,BAYERNS STAMMTISCH"
"244616,""Пиво Leffe Blonde, 0.33л"",https://online.metro-cc.ru/products/033l-pivo-leffe-blond-st-244616,209,,LEFFE"
"213556,""Пиво Балтика авторское, 0.45л"",https://online.metro-cc.ru/products/045l-pivo-baltika-avtorskoe-zhb,64.90,59.90,БАЛТИКА"
"208756,""Пивной напиток Dreamteam Brew Summer Garden, 0.33л"",https://online.metro-cc.ru/products/033l-piv-nap-dreamteam-brew-sammer-garden-pshen-st,199,,DREAMTEAM BREW"
"238053,""Напиток пивной Blanche Bruxelles Rosee, 0.33л"",https://online.metro-cc.ru/products/napitok-pivnoy-blanche-bruxelles-rosee-033l,299,,BLANCHE BRUXELLES"
"245313,""Пиво Cheerday Gold светлое, 1л"",https://online.metro-cc.ru/products/pivo-cheerday-gold-svetloe-1l,419,,CHEERDAY"
"218677,""Пиво Apostel Hell светлое фильтрованное, 0.5л"",https://online.metro-cc.ru/products/05l-pivo-apostel-helles-sv-nfilt-zhb,143,,APOSTEL"
"128283,""Пиво Eboshi Happoshu, 0.5л x 24 шт"",https://online.metro-cc.ru/products/05-l-pivo-ibosi-happosyu-zhb-128283,4296,,EBOSHI"
"242441,""Пиво Schnitzlbaumer Zwickl безалкогольное, 0.5л"",https://online.metro-cc.ru/products/pivo-schnitzlbaumer-zwickl-bezalkogolnoe-05l,309,,SCHNITZLBAUMER"
"134782,""Пиво Brewlok Леший эль светлое, 0.5л x 12 шт"",https://online.metro-cc.ru/products/05l-pivo-brewlok-leshiy-el-svetloe,2628,,BREWLOK"
"134785,""Пиво Brewlok Likho the One-Eyed светлое, 0.5л x 12 шт"",https://online.metro-cc.ru/products/05l-pivo-brewlok-liho-odnoglazoe-svetloe,2748,,BREWLOK"
244617,Пиво Leffe Brune 0.33л,https://online.metro-cc.ru/products/033l-pivo-leffe-brune-st-244617,209,,LEFFE
"245297,""Пиво Zatecky Gus нефильтрованное, 1.35л"",https://online.metro-cc.ru/products/pivo-zatecky-gus-nefiltrovannoe-135l,139,,ZATECKY GUS"
"242020,""Напиток пивной Konix Brewery Mon Cher Cassis, 0.45л"",https://online.metro-cc.ru/products/napitok-pivnoy-konix-brewery-mon-cher-cassis-045l,154,,KONIX BREWERY"
